{
  "options": {
    "port": 8080,
    "baseUrl": "",
    "domains": [
      "localhost:8080",
      "127.0.0.1:8080"
    ],
    "maxzoom": 14,
    "bounds":[-106.607538,25.891862,-93.561237,36.500704],
    "center":[-100.0843875,31.196283,4]
  },
  "styles": {},
  "data": {
    "my_vector_data": {
      "pmtiles": "./pmtiles/railroads.pmtiles"
    }
  }
}
